SOFTWARE DEVELOPER - $90K+,PRO-VISION Video Systems,"Springfield, IL",c net sql javascript 
ASP.Net Software Developer (IT Software Developer,CMPG,"Warrenton, VA",net c javascript css 
Software Developer,Digital Media Solutions,"Lehi, UT",php json mysql git aws 
Associate Software Developer,Uline,"Pleasant Prairie, WI 53158",net java sql 
Software Developer,Software Intellects,"Ridgeland, MS 39157",
Entry Level Software Developer,Reliable Software,"Bentonville, AR 72712",
Software Developer,"LenCred, Inc.","Bentonville, AR 72712",
Associate Software Developer,Uline,"Pleasant Prairie, WI 53158",net java sql 
Software Developer,Central Access Corporation,"Ridgeland, MS 39157",
Full Stack IoT Software Developers - 3 to 5 Years Experience Preferred,"AVTECH Software, Inc.","Warren, RI 02885",java cloud php react git javascript 
ASP.Net Software Developer (IT Software Developer,CMPG,"Warrenton, VA",net c javascript css 
Software Developer,Digital Media Solutions,"Lehi, UT",php json mysql git aws 
Ruby Software Developer,Expected Behavior,"Indianapolis, IN",ruby javascript html css api mongodb cloud aws react 
Entry Level Software Engineer,Datix,"Tucson, AZ 85715",c net php 
Entry-level Developer,The Mx Group,"Springfield, IL",c net angular sql javascript java 
Web Developer/Designer Intern,Moraine Park Technical College,"Ridgeland, MS 39157",wordpress html css javascript php git 
Software Developer,Central Access Corporation,"Indianapolis, IN",
Ruby Software Developer,Expected Behavior,"Bentonville, AR 72712",ruby javascript html css api mongodb cloud aws react 
Software Developer,"LenCred, Inc.","Pleasant Prairie, WI 53158",
Associate Software Developer,Uline,"Tucson, AZ 85715",net java sql 
Software Developer,Cogent3D Inc.,"Warrenton, VA",net c 
ASP.Net Software Developer (IT Software Developer,CMPG,"Warren, RI 02885",net c javascript css 
Intern Software Developer,Datix,"Lehi, UT",c net php 
Remote Software Developer,Desert Scientific Inc.,"Springfield, IL",
Associate Software Developer,Uline,"Pleasant Prairie, WI 53158",net java sql 
Software Quality Assurance,"Cott Systems, Inc.","Columbus, OH 43231 (Northland area)",
Software Developer,"LenCred, Inc.","Bentonville, AR 72712",
ASP.Net Software Developer (IT Software Developer,CMPG,"Warrenton, VA",net c javascript css 
Software Developer,Central Access Corporation,"Ridgeland, MS 39157",
Software Developer,Digital Media Solutions,"Lehi, UT",php json mysql git aws 
Software Dev Engineer,Redbox,"Lehi, UT",cloud sql c net linux 
Junior .NET Web Developer / Programmer,Cartango,"Tucson, AZ 85715",
"Application Developer - (Front End, HTML / CSS)",ADP,"Springfield, IL",html salesforce wordpress css javascript jquery 
Software Developer (Entry-Level),"IMS, Inc.","Lehi, UT",java python c 
Software Developer I,Tapestry Solutions,"Columbus, OH 43231 (Northland area)",
SOFTWARE DEVELOPER-ADV,Tennessee Department of Transportation,"Ridgeland, MS 39157",
SOFTWARE DEVELOPER-ADV,State of Tennessee,"Lehi, UT",
Software Engineer / Software Developer,CKR Solutions,"Pleasant Prairie, WI 53158",linux javascript scala sql 
Entry Level Software Developer,Arbiter Software,"Tucson, AZ 85715",sql javascript html css linux 
Entry Level Software Engineer,Datix,"Bentonville, AR 72712",c net php 
Software Developer II,BASIC,"Warrenton, VA",javascript jquery bootstrap asp net mvc sql mysql aws angular 
Junior Software Developer,"Daraja Enterprises, Inc.","Springfield, IL",c java javascript python php 
Intern Software Developer,Datix,"Warren, RI 02885",c net php 
Software Developer,Xytech Systems Corporation,"Lehi, UT",java 
Frontend Software Developer,"Songtradr, Inc.","Tucson, AZ 85715",c net sql javascript react aws css cloud rest asp mvc git redis 
IT Software Developer Assc - IT Software Developer,American Electric Power,"Warrenton, VA",
SOFTWARE DEVELOPER,Weatherford,"Ridgeland, MS 39157",
Entry Level Software Engineer,Common Goal Systems Inc.,"Indianapolis, IN",html c java javascript 
Junior Software Developer,"Lamparth Consulting, Inc.","Bentonville, AR 72712",net c asp javascript sql cloud aws 
Entry level software engineer,Itlize,"Pleasant Prairie, WI 53158",
Software Developer,"HDWB, LLC","Springfield, IL",git rest net javascript jquery css bootstrap sql 
Entry Level Software Engineer,BOEING,"Lehi, UT",
Jr. Software Developer,Mastech Digital,"Columbus, OH 43231 (Northland area)",angular react javascript html css 
"Software Engineering Intern, BS, Fall 2019",Google,"Ridgeland, MS 39157",
Junior Software Engineer - Holland MI,BluJay Solutions,"Lehi, UT",html javascript css oracle mysql react angular xml aws git java c 
Entry Level Software Developer,Arbiter Software,"Pleasant Prairie, WI 53158",sql javascript html css linux 
Software Engineer/Part-Time or Internship,MacPractice,"Tucson, AZ 85715",html css javascript php sql 
Entry Level Software Engineer,SR Education Group,"Bentonville, AR 72712",ruby javascript html css mysql redis cloud aws java python linux unix 
Software Developer I,FedEx Services,"Warrenton, VA",java sql maven git 
Web Developer,Merchant Services Midwest Inc,"Springfield, IL",html javascript jquery php wordpress mysql net 
Software Developer,"LenCred, Inc.","Bentonville, AR 72712",
Software Developer,Cogent3D Inc.,"Tucson, AZ 85715",net c 
Software Developer,Central Access Corporation,"Ridgeland, MS 39157",
Software Programmer / Developer,"LandAirSea Systems, Inc.","Warrenton, VA",
Software Development Engineer,Omron Automotive Electronics,"Pleasant Prairie, WI 53158",c 
Entry Level Software Engineer,GlobalSoftSolution,"Springfield, IL",
SOFTWARE DEVELOPER - $90K+,PRO-VISION Video Systems,"Springfield, IL",c net sql javascript 
Software Engineer I,UW Credit Union,"Lehi, UT",
Information Management Software Developer 1 (Entry),CDM Smith,"Columbus, OH 43231 (Northland area)",
Software Developer,Covenant Eyes,"Lehi, UT",c java swift sql mysql 
Software Developer,Ribus Group INC,"Pleasant Prairie, WI 53158",java python html css javascript 
Junior Software Developer,"EagleForce Associates, Inc.","Tucson, AZ 85715",
Software Developer (Entry Level),Azara Healthcare,"Warrenton, VA",sql c java 
Associate Software Developer (MAGIC),Amway Inc.,"Ridgeland, MS 39157",
Software Developer,EponaTech LLC,"Bentonville, AR 72712",c 
Software Developer,L2T,"Lehi, UT",
Software Developer Intern,Vixxo,"Columbus, OH 43231 (Northland area)",html css xml 
Software Developer,Data Axxis,"Ridgeland, MS 39157",
SOFTWARE DEVELOPER-ADV-022019-174072,Middle Tennessee Mental Health,"Lehi, UT",
Junior Software Developer,The Infosoft Group,"Pleasant Prairie, WI 53158",
Software Developer Intern - 2019,SphereOI Studios,"Tucson, AZ 85715",cloud rest api java c sql 
Junior Software Developer,Truno Retail Technology Solutions,"Bentonville, AR 72712",
Internship: Application Developer,Actera Solutions,"Warrenton, VA",
Software Developer,ABD Solutions,"Springfield, IL",sql 
Software Developer,Meijer,"Fort Wayne, IN",net sql mvc git android ios 
Application Developer Datastage ETL/Java/.NET/SQL,Bank of America,"Lehi, UT",net java sql oracle rest 
Developer I Digital Engineering,WALGREENS,"Warrenton, VA",c java net mvc html xml oracle sql 
Software Developer,Covenant Eyes,"Tucson, AZ 85715",c java swift sql mysql 
Web Application Developer Undergrad Intern,Kaiser Permanente,"Ridgeland, MS 39157",cloud 
Entry Level Software Engineer,BOEING,"Indianapolis, IN",
Junior Software Developer,The Infosoft Group,"Bentonville, AR 72712",
Software Developer,Friends of KEXP,"Pleasant Prairie, WI 53158",django rest python html css xml bootstrap javascript jquery sql postgresql git algorithms redis swift c ios java android 
Entry Level Software Engineer,root liquids,"Springfield, IL",
Jr. Full Stack Developer (Remote),Axcex Media,"Lehi, UT",html css api sql net c angular aws asp javascript 
Software Developer Intern (Summer 2019),Health Catalyst,"Columbus, OH 43231 (Northland area)",net c java asp mvc sql html css javascript angular 
IT Software Developer Assc - IT Software Developer,American Electric Power,"Ridgeland, MS 39157",
Software Developer Intern,OCLC,"Lehi, UT",
Software Engineer Summer Intern,automotiveMastermind Inc.,"Pleasant Prairie, WI 53158",cloud 
Entry-Level Back-End Developer,IBM,"Tucson, AZ 85715",linux java ruby python 
Junior Software Developer,Andromeda Systems Incorporated,"Bentonville, AR 72712",net c angular sql 
Software Engineer Internship,Central Screw Products,"Warrenton, VA",
Applications Developer,Moraine Valley Community College,"Springfield, IL",
Mid-Level C# Software Developer,"C Technologies, Inc.","Columbus, OH 43231 (Northland area)",net c 
Junior Software Developer,Live Building Systems,"Tucson, AZ 85715",javascript python 
"Software Developer Intern/Coop - Raleigh, NC",IBM,"Lehi, UT",cloud aws 
Software Developer 2016-2018 Master’s Graduate’s Only,Andhus Technologies,"Lehi, UT",
Associate Software Developer,"Tangoe, Inc.","Pleasant Prairie, WI 53158",
SQL BI Developer (SSIS/SSRS),Landmark Health,"Bentonville, AR 72712",sql asp net c mongodb r 
Entry Level Software Developer,Arbiter Software,"Warrenton, VA",sql javascript html css linux 
"Front End Software Developer, Zoro Tools",Grainger,"Ridgeland, MS 39157",html css javascript angular vue ember jquery react git django 
Software Developer,General Dynamics Information Technology,"Springfield, IL",
Software Developer,Utica National Insurance and Founders Insurance,"Fort Wayne, IN",
JAVA DEVELOPER OR J2EE DEVELOPER OR SOFTWARE DEVELOPER OR SOFTWARE ENGINEER,"Izar Technologies LLC,","Lehi, UT",java 
Jr. Software Developer,Vector Airport Systems,"Warrenton, VA",c net cloud javascript angular java swift 
Software Developer,HealthPro Medical Billing,"Tucson, AZ 85715",net sql html css asp 
Software Developer,Ericsson,"Ridgeland, MS 39157",c python javascript 
Web Developer,Merchant Services Midwest Inc,"Indianapolis, IN",html javascript jquery php wordpress mysql net 
Entry-Level Software Engineer,Motorola Solutions,"Bentonville, AR 72712",android ios cloud c linux java 
Software Development Engineer I,Apptio,"Pleasant Prairie, WI 53158",java javascript sql algorithms bootstrap rest css html 
SOFTWARE DEVELOPER,MagikMinds,"Springfield, IL",
ASP.Net Software Developer (IT Software Developer,CMPG,"Warrenton, VA",net c javascript css 
Software Developer,Digital Media Solutions,"Lehi, UT",php json mysql git aws 
SOFTWARE DEVELOPER - $90K+,PRO-VISION Video Systems,"Springfield, IL",c net sql javascript 
Marketing Software Developer,Appalachian Wireless,"Pleasant Prairie, WI 53158",ios android swift java html css javascript php sql mysql git cloud 
Software Developer (Entry Level),Select For Hire,"Ridgeland, MS 39157",xml html javascript java jquery json mysql sql api 
Software Developer (Remote),A2 HOSTING,"Bentonville, AR 72712",html css javascript php sql angular linux git 
Software Developer,Digital Media Solutions,"Lehi, UT",php json mysql git aws 
Software Developer,"LenCred, Inc.","Bentonville, AR 72712",
ASP.Net Software Developer (IT Software Developer,CMPG,"Warrenton, VA",net c javascript css 
Software Developer,Central Access Corporation,"Ridgeland, MS 39157",
Junior Software Developer,Springshare,"Pleasant Prairie, WI 53158",algorithms 
Entry Level ASP.Net Developer,O P Solutions,"Springfield, IL",
